[{"model": "Equipment.ItemType", "pk": 1, "fields": {"item_type": "shield"}}, {"model": "Equipment.Item", "pk": 1, "fields": {"item_name": "Shield", "item_type": 1}}, {"model": "Equipment.Item", "pk": 2, "fields": {"item_name": "Sarcophagus", "item_type": 1}}, {"model": "Equipment.Item", "pk": 3, "fields": {"item_name": "Caitiff Shield", "item_type": 1}}, {"model": "Equipment.Item", "pk": 4, "fields": {"item_name": "Facebreaker", "item_type": 1}}, {"model": "Equipment.Item", "pk": 5, "fields": {"item_name": "Astral Aegis", "item_type": 1}}, {"model": "Equipment.ItemType", "pk": 2, "fields": {"item_type": "book"}}, {"model": "Equipment.Item", "pk": 6, "fields": {"item_name": "Tome of Spells", "item_type": 2}}, {"model": "Equipment.Item", "pk": 7, "fields": {"item_name": "Rosalia's Diary", "item_type": 2}}, {"model": "Equipment.ItemType", "pk": 3, "fields": {"item_type": "orb"}}, {"model": "Equipment.Item", "pk": 8, "fields": {"item_name": "Eye of Secrets", "item_type": 3}}, {"model": "Equipment.Item", "pk": 9, "fields": {"item_name": "Muisak", "item_type": 2}}, {"model": "Equipment.ItemType", "pk": 4, "fields": {"item_type": "totem"}}, {"model": "Equipment.Item", "pk": 10, "fields": {"item_name": "Taproot", "item_type": 4}}, {"model": "Equipment.ItemType", "pk": 5, "fields": {"item_type": "torch"}}, {"model": "Equipment.Item", "pk": 11, "fields": {"item_name": "Celestial Censer", "item_type": 5}}, {"model": "Equipment.Item", "pk": 12, "fields": {"item_name": "Torch", "item_type": 5}}, {"model": "Equipment.ItemType", "pk": 6, "fields": {"item_type": "horn"}}, {"model": "Equipment.Item", "pk": 13, "fields": {"item_name": "Mistcaller", "item_type": 6}}, {"model": "Equipment.Item", "pk": 14, "fields": {"item_name": "Sacred Scepter", "item_type": 5}}, {"model": "Equipment.Item", "pk": 15, "fields": {"item_name": "Cryptcandle", "item_type": 5}}, {"model": "Equipment.Item", "pk": 16, "fields": {"item_name": "Leering Cane", "item_type": 5}}, {"model": "Equipment.ItemType", "pk": 7, "fields": {"item_type": "cape"}}, {"model": "Equipment.Item", "pk": 17, "fields": {"item_name": "Cape", "item_type": 7}}, {"model": "Equipment.Item", "pk": 18, "fields": {"item_name": "Bridgewatch Cape", "item_type": 7}}, {"model": "Equipment.Item", "pk": 19, "fields": {"item_name": "Fort Sterling Cape", "item_type": 7}}, {"model": "Equipment.Item", "pk": 20, "fields": {"item_name": "Lymhurst Cape", "item_type": 7}}, {"model": "Equipment.Item", "pk": 21, "fields": {"item_name": "Martlock Cape", "item_type": 7}}, {"model": "Equipment.Item", "pk": 22, "fields": {"item_name": "Thetford Cape", "item_type": 7}}, {"model": "Equipment.Item", "pk": 23, "fields": {"item_name": "Heretic Cape", "item_type": 7}}, {"model": "Equipment.Item", "pk": 24, "fields": {"item_name": "Undead Cape", "item_type": 7}}, {"model": "Equipment.Item", "pk": 25, "fields": {"item_name": "Keeper Cape", "item_type": 7}}, {"model": "Equipment.Item", "pk": 26, "fields": {"item_name": "Morgana Cape", "item_type": 7}}, {"model": "Equipment.Item", "pk": 27, "fields": {"item_name": "Demon Cape", "item_type": 7}}, {"model": "Equipment.ItemType", "pk": 8, "fields": {"item_type": "bag"}}, {"model": "Equipment.Item", "pk": 28, "fields": {"item_name": "Bag", "item_type": 8}}, {"model": "Item_Lists.Bag", "pk": 1, "fields": {"bag_name": "Bag"}}, {"model": "Equipment.Item", "pk": 29, "fields": {"item_name": "Satchel of Insight", "item_type": 8}}, {"model": "Item_Lists.Bag", "pk": 2, "fields": {"bag_name": "Satchel of Insight"}}, {"model": "Equipment.ItemType", "pk": 9, "fields": {"item_type": "unique_shoes"}}, {"model": "Equipment.Item", "pk": 30, "fields": {"item_name": "Rubberband Boots", "item_type": 9}}, {"model": "Item_Lists.Boot", "pk": 1, "fields": {"boot_name": "Rubberband Boots"}}, {"model": "Equipment.ItemType", "pk": 10, "fields": {"item_type": "unique_helmet"}}, {"model": "Equipment.Item", "pk": 31, "fields": {"item_name": "Game Hat", "item_type": 10}}, {"model": "Equipment.ItemType", "pk": 11, "fields": {"item_type": "unique_armor"}}, {"model": "Equipment.Item", "pk": 32, "fields": {"item_name": "Game Doublet", "item_type": 11}}, {"model": "Equipment.Item", "pk": 33, "fields": {"item_name": "Game Boots", "item_type": 9}}, {"model": "Item_Lists.Boot", "pk": 2, "fields": {"boot_name": "Game Boots"}}, {"model": "Equipment.Item", "pk": 34, "fields": {"item_name": "Scroll of the Law", "item_type": 6}}, {"model": "Equipment.ItemType", "pk": 12, "fields": {"item_type": "plate_helmet"}}, {"model": "Equipment.Item", "pk": 35, "fields": {"item_name": "Soldier Helmet", "item_type": 12}}, {"model": "Equipment.ItemType", "pk": 13, "fields": {"item_type": "plate_armor"}}, {"model": "Equipment.Item", "pk": 36, "fields": {"item_name": "Soldier Armor", "item_type": 13}}, {"model": "Equipment.ItemType", "pk": 14, "fields": {"item_type": "plate_shoes"}}, {"model": "Equipment.Item", "pk": 37, "fields": {"item_name": "Soldier Boots", "item_type": 14}}, {"model": "Item_Lists.Boot", "pk": 3, "fields": {"boot_name": "Soldier Boots"}}, {"model": "Equipment.Item", "pk": 38, "fields": {"item_name": "Knight Helmet", "item_type": 12}}, {"model": "Equipment.Item", "pk": 39, "fields": {"item_name": "Knight Armor", "item_type": 13}}, {"model": "Equipment.Item", "pk": 40, "fields": {"item_name": "Knight Boots", "item_type": 14}}, {"model": "Item_Lists.Boot", "pk": 4, "fields": {"boot_name": "Knight Boots"}}, {"model": "Equipment.Item", "pk": 41, "fields": {"item_name": "Guardian Helmet", "item_type": 12}}, {"model": "Equipment.Item", "pk": 42, "fields": {"item_name": "Guardian Armor", "item_type": 13}}, {"model": "Equipment.Item", "pk": 43, "fields": {"item_name": "Guardian Boots", "item_type": 14}}, {"model": "Item_Lists.Boot", "pk": 5, "fields": {"boot_name": "Guardian Boots"}}, {"model": "Equipment.Item", "pk": 44, "fields": {"item_name": "Graveguard Helmet", "item_type": 12}}, {"model": "Equipment.Item", "pk": 45, "fields": {"item_name": "Graveguard Armor", "item_type": 13}}, {"model": "Equipment.Item", "pk": 46, "fields": {"item_name": "Graveguard Boots", "item_type": 14}}, {"model": "Item_Lists.Boot", "pk": 6, "fields": {"boot_name": "Graveguard Boots"}}, {"model": "Equipment.Item", "pk": 47, "fields": {"item_name": "Demon Helmet", "item_type": 12}}, {"model": "Equipment.Item", "pk": 48, "fields": {"item_name": "Demon Armor", "item_type": 13}}, {"model": "Equipment.Item", "pk": 49, "fields": {"item_name": "Demon Boots", "item_type": 14}}, {"model": "Item_Lists.Boot", "pk": 7, "fields": {"boot_name": "Demon Boots"}}, {"model": "Equipment.Item", "pk": 50, "fields": {"item_name": "Judicator Helmet", "item_type": 12}}, {"model": "Equipment.Item", "pk": 51, "fields": {"item_name": "Judicator Armor", "item_type": 13}}, {"model": "Equipment.Item", "pk": 52, "fields": {"item_name": "Judicator Boots", "item_type": 14}}, {"model": "Item_Lists.Boot", "pk": 8, "fields": {"boot_name": "Judicator Boots"}}, {"model": "Equipment.Item", "pk": 53, "fields": {"item_name": "Helmet of Valor", "item_type": 12}}, {"model": "Equipment.Item", "pk": 54, "fields": {"item_name": "Armor of Valor", "item_type": 13}}, {"model": "Equipment.Item", "pk": 55, "fields": {"item_name": "Boots of Valor", "item_type": 14}}, {"model": "Item_Lists.Boot", "pk": 9, "fields": {"boot_name": "Boots of Valor"}}, {"model": "Equipment.ItemType", "pk": 15, "fields": {"item_type": "leather_helmet"}}, {"model": "Equipment.Item", "pk": 56, "fields": {"item_name": "Mercenary Hood", "item_type": 15}}, {"model": "Equipment.ItemType", "pk": 16, "fields": {"item_type": "leather_armor"}}, {"model": "Equipment.Item", "pk": 57, "fields": {"item_name": "Mercenary Jacket", "item_type": 16}}, {"model": "Equipment.ItemType", "pk": 17, "fields": {"item_type": "leather_shoes"}}, {"model": "Equipment.Item", "pk": 58, "fields": {"item_name": "Mercenary Shoes", "item_type": 17}}, {"model": "Item_Lists.Boot", "pk": 10, "fields": {"boot_name": "Mercenary Shoes"}}, {"model": "Equipment.Item", "pk": 59, "fields": {"item_name": "Hunter Hood", "item_type": 15}}, {"model": "Equipment.Item", "pk": 60, "fields": {"item_name": "Hunter Jacket", "item_type": 16}}, {"model": "Equipment.Item", "pk": 61, "fields": {"item_name": "Hunter Shoes", "item_type": 17}}, {"model": "Item_Lists.Boot", "pk": 11, "fields": {"boot_name": "Hunter Shoes"}}, {"model": "Equipment.Item", "pk": 62, "fields": {"item_name": "Assassin Hood", "item_type": 15}}, {"model": "Equipment.Item", "pk": 63, "fields": {"item_name": "Assassin Jacket", "item_type": 16}}, {"model": "Equipment.Item", "pk": 64, "fields": {"item_name": "Assassin Shoes", "item_type": 17}}, {"model": "Item_Lists.Boot", "pk": 12, "fields": {"boot_name": "Assassin Shoes"}}, {"model": "Equipment.Item", "pk": 65, "fields": {"item_name": "Stalker Hood", "item_type": 15}}, {"model": "Equipment.Item", "pk": 66, "fields": {"item_name": "Stalker Jacket", "item_type": 16}}, {"model": "Equipment.Item", "pk": 67, "fields": {"item_name": "Stalker Shoes", "item_type": 17}}, {"model": "Item_Lists.Boot", "pk": 13, "fields": {"boot_name": "Stalker Shoes"}}, {"model": "Equipment.Item", "pk": 68, "fields": {"item_name": "Hellion Hood", "item_type": 15}}, {"model": "Equipment.Item", "pk": 69, "fields": {"item_name": "Hellion Jacket", "item_type": 16}}, {"model": "Equipment.Item", "pk": 70, "fields": {"item_name": "Hellion Shoes", "item_type": 17}}, {"model": "Item_Lists.Boot", "pk": 14, "fields": {"boot_name": "Hellion Shoes"}}, {"model": "Equipment.Item", "pk": 71, "fields": {"item_name": "Specter Hood", "item_type": 15}}, {"model": "Equipment.Item", "pk": 72, "fields": {"item_name": "Specter Jacket", "item_type": 16}}, {"model": "Equipment.Item", "pk": 73, "fields": {"item_name": "Specter Shoes", "item_type": 17}}, {"model": "Item_Lists.Boot", "pk": 15, "fields": {"boot_name": "Specter Shoes"}}, {"model": "Equipment.Item", "pk": 74, "fields": {"item_name": "Hood of Tenacity", "item_type": 15}}, {"model": "Equipment.Item", "pk": 75, "fields": {"item_name": "Jacket of Tenacity", "item_type": 16}}, {"model": "Equipment.Item", "pk": 76, "fields": {"item_name": "Shoes of Tenacity", "item_type": 17}}, {"model": "Item_Lists.Boot", "pk": 16, "fields": {"boot_name": "Shoes of Tenacity"}}, {"model": "Equipment.ItemType", "pk": 18, "fields": {"item_type": "cloth_helmet"}}, {"model": "Equipment.Item", "pk": 77, "fields": {"item_name": "Scholar Cowl", "item_type": 18}}, {"model": "Equipment.ItemType", "pk": 19, "fields": {"item_type": "cloth_armor"}}, {"model": "Equipment.Item", "pk": 78, "fields": {"item_name": "Scholar Robe", "item_type": 19}}, {"model": "Equipment.ItemType", "pk": 20, "fields": {"item_type": "cloth_shoes"}}, {"model": "Equipment.Item", "pk": 79, "fields": {"item_name": "Scholar Sandals", "item_type": 20}}, {"model": "Item_Lists.Boot", "pk": 17, "fields": {"boot_name": "Scholar Sandals"}}, {"model": "Equipment.Item", "pk": 80, "fields": {"item_name": "Cleric Cowl", "item_type": 18}}, {"model": "Equipment.Item", "pk": 81, "fields": {"item_name": "Cleric Robe", "item_type": 19}}, {"model": "Equipment.Item", "pk": 82, "fields": {"item_name": "Cleric Sandals", "item_type": 20}}, {"model": "Item_Lists.Boot", "pk": 18, "fields": {"boot_name": "Cleric Sandals"}}, {"model": "Equipment.Item", "pk": 83, "fields": {"item_name": "Mage Cowl", "item_type": 18}}, {"model": "Equipment.Item", "pk": 84, "fields": {"item_name": "Mage Robe", "item_type": 19}}, {"model": "Equipment.Item", "pk": 85, "fields": {"item_name": "Mage Sandals", "item_type": 20}}, {"model": "Item_Lists.Boot", "pk": 19, "fields": {"boot_name": "Mage Sandals"}}, {"model": "Equipment.Item", "pk": 86, "fields": {"item_name": "Druid Cowl", "item_type": 18}}, {"model": "Equipment.Item", "pk": 87, "fields": {"item_name": "Druid Robe", "item_type": 19}}, {"model": "Equipment.Item", "pk": 88, "fields": {"item_name": "Druid Sandals", "item_type": 20}}, {"model": "Item_Lists.Boot", "pk": 20, "fields": {"boot_name": "Druid Sandals"}}, {"model": "Equipment.Item", "pk": 89, "fields": {"item_name": "Fiend Cowl", "item_type": 18}}, {"model": "Equipment.Item", "pk": 90, "fields": {"item_name": "Fiend Robe", "item_type": 19}}, {"model": "Equipment.Item", "pk": 91, "fields": {"item_name": "Fiend Sandals", "item_type": 20}}, {"model": "Item_Lists.Boot", "pk": 21, "fields": {"boot_name": "Fiend Sandals"}}, {"model": "Equipment.Item", "pk": 92, "fields": {"item_name": "Cultist Cowl", "item_type": 18}}, {"model": "Equipment.Item", "pk": 93, "fields": {"item_name": "Cultist Robe", "item_type": 19}}, {"model": "Equipment.Item", "pk": 94, "fields": {"item_name": "Cultist Sandals", "item_type": 20}}, {"model": "Item_Lists.Boot", "pk": 22, "fields": {"boot_name": "Cultist Sandals"}}, {"model": "Equipment.Item", "pk": 95, "fields": {"item_name": "Cowl of Purity", "item_type": 18}}, {"model": "Equipment.Item", "pk": 96, "fields": {"item_name": "Robe of Purity", "item_type": 19}}, {"model": "Equipment.Item", "pk": 97, "fields": {"item_name": "Sandals of Purity", "item_type": 20}}, {"model": "Item_Lists.Boot", "pk": 23, "fields": {"boot_name": "Sandals of Purity"}}, {"model": "Equipment.Item", "pk": 98, "fields": {"item_name": "Royal Cowl", "item_type": 18}}, {"model": "Equipment.Item", "pk": 99, "fields": {"item_name": "Royal Robe", "item_type": 19}}, {"model": "Equipment.Item", "pk": 100, "fields": {"item_name": "Royal Sandals", "item_type": 20}}, {"model": "Item_Lists.Boot", "pk": 24, "fields": {"boot_name": "Royal Sandals"}}, {"model": "Equipment.Item", "pk": 101, "fields": {"item_name": "Royal Hood", "item_type": 15}}, {"model": "Equipment.Item", "pk": 102, "fields": {"item_name": "Royal Jacket", "item_type": 16}}, {"model": "Equipment.Item", "pk": 103, "fields": {"item_name": "Royal Shoes", "item_type": 17}}, {"model": "Item_Lists.Boot", "pk": 25, "fields": {"boot_name": "Royal Shoes"}}, {"model": "Equipment.Item", "pk": 104, "fields": {"item_name": "Royal Helmet", "item_type": 12}}, {"model": "Equipment.Item", "pk": 105, "fields": {"item_name": "Royal Armor", "item_type": 13}}, {"model": "Equipment.Item", "pk": 106, "fields": {"item_name": "Royal Boots", "item_type": 14}}, {"model": "Item_Lists.Boot", "pk": 26, "fields": {"boot_name": "Royal Boots"}}, {"model": "Equipment.ItemType", "pk": 21, "fields": {"item_type": "fibergatherer_helmet"}}, {"model": "Equipment.Item", "pk": 107, "fields": {"item_name": "Harvester Cap", "item_type": 21}}, {"model": "Equipment.ItemType", "pk": 22, "fields": {"item_type": "fibergatherer_armor"}}, {"model": "Equipment.Item", "pk": 108, "fields": {"item_name": "Harvester Garb", "item_type": 22}}, {"model": "Equipment.ItemType", "pk": 23, "fields": {"item_type": "fibergatherer_shoes"}}, {"model": "Equipment.Item", "pk": 109, "fields": {"item_name": "Harvester Workboots", "item_type": 23}}, {"model": "Item_Lists.Boot", "pk": 27, "fields": {"boot_name": "Harvester Workboots"}}, {"model": "Equipment.ItemType", "pk": 24, "fields": {"item_type": "fibergatherer_backpack"}}, {"model": "Equipment.Item", "pk": 110, "fields": {"item_name": "Harvester Backpack", "item_type": 24}}, {"model": "Equipment.ItemType", "pk": 25, "fields": {"item_type": "hidegatherer_helmet"}}, {"model": "Equipment.Item", "pk": 111, "fields": {"item_name": "Skinner Cap", "item_type": 25}}, {"model": "Equipment.ItemType", "pk": 26, "fields": {"item_type": "hidegatherer_armor"}}, {"model": "Equipment.Item", "pk": 112, "fields": {"item_name": "Skinner Garb", "item_type": 26}}, {"model": "Equipment.ItemType", "pk": 27, "fields": {"item_type": "hidegatherer_shoes"}}, {"model": "Equipment.Item", "pk": 113, "fields": {"item_name": "Skinner Workboots", "item_type": 27}}, {"model": "Item_Lists.Boot", "pk": 28, "fields": {"boot_name": "Skinner Workboots"}}, {"model": "Equipment.ItemType", "pk": 28, "fields": {"item_type": "hidegatherer_backpack"}}, {"model": "Equipment.Item", "pk": 114, "fields": {"item_name": "Skinner Backpack", "item_type": 28}}, {"model": "Equipment.ItemType", "pk": 29, "fields": {"item_type": "oregatherer_helmet"}}, {"model": "Equipment.Item", "pk": 115, "fields": {"item_name": "Miner Cap", "item_type": 29}}, {"model": "Equipment.ItemType", "pk": 30, "fields": {"item_type": "oregatherer_armor"}}, {"model": "Equipment.Item", "pk": 116, "fields": {"item_name": "Miner Garb", "item_type": 30}}, {"model": "Equipment.ItemType", "pk": 31, "fields": {"item_type": "oregatherer_shoes"}}, {"model": "Equipment.Item", "pk": 117, "fields": {"item_name": "Miner Workboots", "item_type": 31}}, {"model": "Item_Lists.Boot", "pk": 29, "fields": {"boot_name": "Miner Workboots"}}, {"model": "Equipment.ItemType", "pk": 32, "fields": {"item_type": "oregatherer_backpack"}}, {"model": "Equipment.Item", "pk": 118, "fields": {"item_name": "Miner Backpack", "item_type": 32}}, {"model": "Equipment.ItemType", "pk": 33, "fields": {"item_type": "rockgatherer_helmet"}}, {"model": "Equipment.Item", "pk": 119, "fields": {"item_name": "Quarrier Cap", "item_type": 33}}, {"model": "Equipment.ItemType", "pk": 34, "fields": {"item_type": "rockgatherer_armor"}}, {"model": "Equipment.Item", "pk": 120, "fields": {"item_name": "Quarrier Garb", "item_type": 34}}, {"model": "Equipment.ItemType", "pk": 35, "fields": {"item_type": "rockgatherer_shoes"}}, {"model": "Equipment.Item", "pk": 121, "fields": {"item_name": "Quarrier Workboots", "item_type": 35}}, {"model": "Item_Lists.Boot", "pk": 30, "fields": {"boot_name": "Quarrier Workboots"}}, {"model": "Equipment.ItemType", "pk": 36, "fields": {"item_type": "rockgatherer_backpack"}}, {"model": "Equipment.Item", "pk": 122, "fields": {"item_name": "Quarrier Backpack", "item_type": 36}}, {"model": "Equipment.ItemType", "pk": 37, "fields": {"item_type": "woodgatherer_helmet"}}, {"model": "Equipment.Item", "pk": 123, "fields": {"item_name": "Lumberjack Cap", "item_type": 37}}, {"model": "Equipment.ItemType", "pk": 38, "fields": {"item_type": "woodgatherer_armor"}}, {"model": "Equipment.Item", "pk": 124, "fields": {"item_name": "Lumberjack Garb", "item_type": 38}}, {"model": "Equipment.ItemType", "pk": 39, "fields": {"item_type": "woodgatherer_shoes"}}, {"model": "Equipment.Item", "pk": 125, "fields": {"item_name": "Lumberjack Workboots", "item_type": 39}}, {"model": "Item_Lists.Boot", "pk": 31, "fields": {"boot_name": "Lumberjack Workboots"}}, {"model": "Equipment.ItemType", "pk": 40, "fields": {"item_type": "woodgatherer_backpack"}}, {"model": "Equipment.Item", "pk": 126, "fields": {"item_name": "Lumberjack Backpack", "item_type": 40}}, {"model": "Equipment.ItemType", "pk": 41, "fields": {"item_type": "fishgatherer_helmet"}}, {"model": "Equipment.Item", "pk": 127, "fields": {"item_name": "Fisherman Cap", "item_type": 41}}, {"model": "Equipment.ItemType", "pk": 42, "fields": {"item_type": "fishgatherer_armor"}}, {"model": "Equipment.Item", "pk": 128, "fields": {"item_name": "Fisherman Garb", "item_type": 42}}, {"model": "Equipment.ItemType", "pk": 43, "fields": {"item_type": "fishgatherer_shoes"}}, {"model": "Equipment.Item", "pk": 129, "fields": {"item_name": "Fisherman Workboots", "item_type": 43}}, {"model": "Item_Lists.Boot", "pk": 32, "fields": {"boot_name": "Fisherman Workboots"}}, {"model": "Equipment.ItemType", "pk": 44, "fields": {"item_type": "fishgatherer_backpack"}}, {"model": "Equipment.Item", "pk": 130, "fields": {"item_name": "Fisherman Backpack", "item_type": 44}}, {"model": "Equipment.Item", "pk": 131, "fields": {"item_name": "Jester Mask", "item_type": 15}}, {"model": "Equipment.Item", "pk": 132, "fields": {"item_name": "Jester Costume", "item_type": 16}}, {"model": "Equipment.Item", "pk": 133, "fields": {"item_name": "Jester Shoes", "item_type": 17}}, {"model": "Item_Lists.Boot", "pk": 33, "fields": {"boot_name": "Jester Shoes"}}, {"model": "Equipment.Item", "pk": 134, "fields": {"item_name": "Red Tulip Hat", "item_type": 10}}, {"model": "Equipment.Item", "pk": 135, "fields": {"item_name": "Red Tulip Dress", "item_type": 11}}, {"model": "Equipment.Item", "pk": 136, "fields": {"item_name": "Red Tulip Shoes", "item_type": 9}}, {"model": "Item_Lists.Boot", "pk": 34, "fields": {"boot_name": "Red Tulip Shoes"}}, {"model": "Equipment.Item", "pk": 137, "fields": {"item_name": "Noblewoman's Jewelry", "item_type": 15}}, {"model": "Equipment.Item", "pk": 138, "fields": {"item_name": "Noblewoman's Dress", "item_type": 16}}, {"model": "Equipment.Item", "pk": 139, "fields": {"item_name": "Noblewoman's Shoes", "item_type": 17}}, {"model": "Item_Lists.Boot", "pk": 35, "fields": {"boot_name": "Noblewoman's Shoes"}}, {"model": "Equipment.Item", "pk": 140, "fields": {"item_name": "Blue Princess Hat", "item_type": 15}}, {"model": "Equipment.Item", "pk": 141, "fields": {"item_name": "Blue Princess Dress", "item_type": 16}}, {"model": "Equipment.Item", "pk": 142, "fields": {"item_name": "Blue Princess Shoes", "item_type": 17}}, {"model": "Item_Lists.Boot", "pk": 36, "fields": {"boot_name": "Blue Princess Shoes"}}, {"model": "Equipment.Item", "pk": 143, "fields": {"item_name": "Rich Noble's Hat", "item_type": 10}}, {"model": "Equipment.Item", "pk": 144, "fields": {"item_name": "Rich Noble's Doublet", "item_type": 11}}, {"model": "Equipment.Item", "pk": 145, "fields": {"item_name": "Rich Noble's Footwear", "item_type": 9}}, {"model": "Item_Lists.Boot", "pk": 37, "fields": {"boot_name": "Rich Noble's Footwear"}}, {"model": "Equipment.Item", "pk": 146, "fields": {"item_name": "Yule Hat", "item_type": 10}}, {"model": "Equipment.Item", "pk": 147, "fields": {"item_name": "Yule Coat", "item_type": 11}}, {"model": "Equipment.Item", "pk": 148, "fields": {"item_name": "Yule Shoes", "item_type": 9}}, {"model": "Item_Lists.Boot", "pk": 38, "fields": {"boot_name": "Yule Shoes"}}, {"model": "Equipment.Item", "pk": 149, "fields": {"item_name": "Yule Backpack", "item_type": 7}}, {"model": "Equipment.Item", "pk": 150, "fields": {"item_name": "Bridal Veil", "item_type": 10}}, {"model": "Equipment.Item", "pk": 151, "fields": {"item_name": "Bridal Dress", "item_type": 11}}, {"model": "Equipment.Item", "pk": 152, "fields": {"item_name": "Bridal Shoes", "item_type": 9}}, {"model": "Item_Lists.Boot", "pk": 39, "fields": {"boot_name": "Bridal Shoes"}}, {"model": "Equipment.Item", "pk": 153, "fields": {"item_name": "Bridal Bouquet", "item_type": 5}}, {"model": "Equipment.Item", "pk": 154, "fields": {"item_name": "Groom Hat", "item_type": 10}}, {"model": "Equipment.Item", "pk": 155, "fields": {"item_name": "Groom Suit", "item_type": 11}}, {"model": "Equipment.Item", "pk": 156, "fields": {"item_name": "Groom Shoes", "item_type": 9}}, {"model": "Item_Lists.Boot", "pk": 40, "fields": {"boot_name": "Groom Shoes"}}, {"model": "Equipment.Item", "pk": 157, "fields": {"item_name": "Groom Cape", "item_type": 7}}, {"model": "Equipment.Item", "pk": 158, "fields": {"item_name": "Wedding Ring", "item_type": 5}}, {"model": "Equipment.Item", "pk": 159, "fields": {"item_name": "Bard's Hat", "item_type": 15}}, {"model": "Equipment.Item", "pk": 160, "fields": {"item_name": "Bard's Suit", "item_type": 16}}, {"model": "Equipment.Item", "pk": 161, "fields": {"item_name": "Bard's Shoes", "item_type": 17}}, {"model": "Item_Lists.Boot", "pk": 41, "fields": {"boot_name": "Bard's Shoes"}}, {"model": "Equipment.Item", "pk": 162, "fields": {"item_name": "Monk's Hood", "item_type": 15}}, {"model": "Equipment.Item", "pk": 163, "fields": {"item_name": "Monk's Robe", "item_type": 16}}, {"model": "Equipment.Item", "pk": 164, "fields": {"item_name": "Monk's Sandals", "item_type": 17}}, {"model": "Item_Lists.Boot", "pk": 42, "fields": {"boot_name": "Monk's Sandals"}}, {"model": "Equipment.Item", "pk": 165, "fields": {"item_name": "Monk's Walking Staff", "item_type": 5}}, {"model": "Equipment.Item", "pk": 166, "fields": {"item_name": "Innkeeper's Hat", "item_type": 15}}, {"model": "Equipment.Item", "pk": 167, "fields": {"item_name": "Innkeeper's Shirt", "item_type": 16}}, {"model": "Equipment.Item", "pk": 168, "fields": {"item_name": "Innkeeper's Shoes", "item_type": 17}}, {"model": "Item_Lists.Boot", "pk": 43, "fields": {"boot_name": "Innkeeper's Shoes"}}, {"model": "Equipment.Item", "pk": 169, "fields": {"item_name": "Innkeeper's Beer Mug", "item_type": 5}}, {"model": "Equipment.Item", "pk": 170, "fields": {"item_name": "Navigator's Hat", "item_type": 10}}, {"model": "Equipment.Item", "pk": 171, "fields": {"item_name": "Navigator's Coat", "item_type": 11}}, {"model": "Equipment.Item", "pk": 172, "fields": {"item_name": "Navigator's Boots", "item_type": 9}}, {"model": "Item_Lists.Boot", "pk": 44, "fields": {"boot_name": "Navigator's Boots"}}, {"model": "Equipment.Item", "pk": 173, "fields": {"item_name": "Navigator's Parrot Cage", "item_type": 5}}, {"model": "Equipment.Item", "pk": 174, "fields": {"item_name": "Staff of Hermes", "item_type": 5}}, {"model": "Equipment.Item", "pk": 175, "fields": {"item_name": "Arena Veteran's Circlet", "item_type": 10}}, {"model": "Equipment.Item", "pk": 176, "fields": {"item_name": "Arena Veteran's Cloak", "item_type": 11}}, {"model": "Equipment.Item", "pk": 177, "fields": {"item_name": "Arena Veteran's Boots", "item_type": 9}}, {"model": "Item_Lists.Boot", "pk": 45, "fields": {"boot_name": "Arena Veteran's Boots"}}, {"model": "Equipment.Item", "pk": 178, "fields": {"item_name": "Arena Veteran's Cape", "item_type": 7}}, {"model": "Equipment.Item", "pk": 179, "fields": {"item_name": "Arena Veteran's Eyepatch", "item_type": 10}}, {"model": "Equipment.Item", "pk": 180, "fields": {"item_name": "Arena Veteran's Small Banner", "item_type": 7}}, {"model": "Equipment.Item", "pk": 181, "fields": {"item_name": "Arena Veteran's Medium Banner", "item_type": 7}}, {"model": "Equipment.Item", "pk": 182, "fields": {"item_name": "Arena Veteran's Large Banner", "item_type": 7}}, {"model": "Equipment.Item", "pk": 183, "fields": {"item_name": "Master of Bats Helmet", "item_type": 10}}, {"model": "Equipment.Item", "pk": 184, "fields": {"item_name": "Snow Bunny Stalker Hat", "item_type": 10}}, {"model": "Equipment.Item", "pk": 185, "fields": {"item_name": "Bunny Stalker Hat", "item_type": 10}}, {"model": "Equipment.Item", "pk": 186, "fields": {"item_name": "Bunny Stalker Overalls", "item_type": 11}}, {"model": "Equipment.Item", "pk": 187, "fields": {"item_name": "Bunny Stalker Shoes", "item_type": 9}}, {"model": "Item_Lists.Boot", "pk": 46, "fields": {"boot_name": "Bunny Stalker Shoes"}}, {"model": "Equipment.Item", "pk": 188, "fields": {"item_name": "Bunny Stalker Basket", "item_type": 7}}, {"model": "Equipment.Item", "pk": 189, "fields": {"item_name": "Hygienic Mask", "item_type": 10}}, {"model": "Equipment.Item", "pk": 190, "fields": {"item_name": "Hygienic Coat", "item_type": 11}}, {"model": "Equipment.Item", "pk": 191, "fields": {"item_name": "Hygienic Boots", "item_type": 9}}, {"model": "Item_Lists.Boot", "pk": 47, "fields": {"boot_name": "Hygienic Boots"}}, {"model": "Equipment.Item", "pk": 192, "fields": {"item_name": "Laughing Skull", "item_type": 10}}, {"model": "Equipment.Item", "pk": 193, "fields": {"item_name": "Ribcage", "item_type": 11}}, {"model": "Equipment.Item", "pk": 194, "fields": {"item_name": "Legbones", "item_type": 9}}, {"model": "Item_Lists.Boot", "pk": 48, "fields": {"boot_name": "Legbones"}}, {"model": "Equipment.Item", "pk": 195, "fields": {"item_name": "Ragged Cape", "item_type": 7}}, {"model": "Equipment.Item", "pk": 196, "fields": {"item_name": "Grinning Pumpkin Head", "item_type": 10}}, {"model": "Equipment.Item", "pk": 197, "fields": {"item_name": "Sad Pumpkin Head", "item_type": 10}}, {"model": "Equipment.Item", "pk": 198, "fields": {"item_name": "Angry Pumpkin Head", "item_type": 10}}, {"model": "Equipment.Item", "pk": 199, "fields": {"item_name": "Uncle Frost's Hat", "item_type": 15}}, {"model": "Equipment.ItemType", "pk": 45, "fields": {"item_type": "mace"}}, {"model": "Equipment.Item", "pk": 200, "fields": {"item_name": "Recruiter's Beer Mug", "item_type": 45}}, {"model": "Equipment.Item", "pk": 201, "fields": {"item_name": "Recruiter's Hunter Horn", "item_type": 45}}, {"model": "Equipment.Item", "pk": 202, "fields": {"item_name": "Recruiter's Fox Crop", "item_type": 45}}, {"model": "Equipment.Item", "pk": 203, "fields": {"item_name": "Recruiter's Trumpet", "item_type": 45}}, {"model": "Equipment.Item", "pk": 204, "fields": {"item_name": "Recruiter's Ale Mug", "item_type": 45}}, {"model": "Equipment.Item", "pk": 205, "fields": {"item_name": "Legendary Explorer's Cloak", "item_type": 7}}, {"model": "Equipment.Item", "pk": 206, "fields": {"item_name": "Legendary Explorer's Hat", "item_type": 10}}, {"model": "Equipment.Item", "pk": 207, "fields": {"item_name": "Legendary Explorer's Armor", "item_type": 11}}, {"model": "Equipment.Item", "pk": 208, "fields": {"item_name": "Legendary Explorer's Boots", "item_type": 9}}, {"model": "Item_Lists.Boot", "pk": 49, "fields": {"boot_name": "Legendary Explorer's Boots"}}, {"model": "Equipment.Item", "pk": 209, "fields": {"item_name": "Explorer's Hat", "item_type": 10}}, {"model": "Equipment.Item", "pk": 210, "fields": {"item_name": "Explorer's Armor", "item_type": 11}}, {"model": "Equipment.Item", "pk": 211, "fields": {"item_name": "Explorer's Boots", "item_type": 9}}, {"model": "Item_Lists.Boot", "pk": 50, "fields": {"boot_name": "Explorer's Boots"}}, {"model": "Equipment.Item", "pk": 212, "fields": {"item_name": "Legendary Adventurer's Cloak", "item_type": 7}}, {"model": "Equipment.Item", "pk": 213, "fields": {"item_name": "Legendary Adventurer's Hat", "item_type": 10}}, {"model": "Equipment.Item", "pk": 214, "fields": {"item_name": "Legendary Adventurer's Armor", "item_type": 11}}, {"model": "Equipment.Item", "pk": 215, "fields": {"item_name": "Legendary Adventurer's Boots", "item_type": 9}}, {"model": "Item_Lists.Boot", "pk": 51, "fields": {"boot_name": "Legendary Adventurer's Boots"}}, {"model": "Equipment.Item", "pk": 216, "fields": {"item_name": "Adventurer's Helmet", "item_type": 10}}, {"model": "Equipment.Item", "pk": 217, "fields": {"item_name": "Adventurer's Jacket", "item_type": 11}}, {"model": "Equipment.Item", "pk": 218, "fields": {"item_name": "Adventurer's Shoes", "item_type": 9}}, {"model": "Item_Lists.Boot", "pk": 52, "fields": {"boot_name": "Adventurer's Shoes"}}, {"model": "Equipment.Item", "pk": 219, "fields": {"item_name": "Undead Skull", "item_type": 10}}, {"model": "Equipment.Item", "pk": 220, "fields": {"item_name": "Undead Ribcage", "item_type": 11}}, {"model": "Equipment.Item", "pk": 221, "fields": {"item_name": "Undead Legs", "item_type": 9}}, {"model": "Item_Lists.Boot", "pk": 53, "fields": {"boot_name": "Undead Legs"}}, {"model": "Equipment.Item", "pk": 222, "fields": {"item_name": "Ragged Undead Cape", "item_type": 7}}, {"model": "Equipment.Item", "pk": 223, "fields": {"item_name": "Recruiter's Cape", "item_type": 7}}, {"model": "Equipment.Item", "pk": 224, "fields": {"item_name": "Riuros Cape", "item_type": 7}}, {"model": "Equipment.Item", "pk": 225, "fields": {"item_name": "Master of Bats Cape", "item_type": 7}}, {"model": "Equipment.Item", "pk": 226, "fields": {"item_name": "Recruiter's Banner", "item_type": 7}}, {"model": "Equipment.Item", "pk": 227, "fields": {"item_name": "Ogronios Banner", "item_type": 7}}, {"model": "Equipment.Item", "pk": 228, "fields": {"item_name": "Recruiter's Cape - Toad", "item_type": 7}}, {"model": "Equipment.Item", "pk": 229, "fields": {"item_name": "Recruiter's Cape - Rottweiler", "item_type": 7}}, {"model": "Equipment.Item", "pk": 230, "fields": {"item_name": "Recruiter's Tiger Cape", "item_type": 7}}, {"model": "Equipment.Item", "pk": 231, "fields": {"item_name": "Recruiter's Fur Cape", "item_type": 7}}, {"model": "Equipment.Item", "pk": 232, "fields": {"item_name": "Recruiter's Grey Wolf Cape", "item_type": 7}}, {"model": "Equipment.Item", "pk": 233, "fields": {"item_name": "Decorative Undead Platemail Cape", "item_type": 7}}, {"model": "Equipment.Item", "pk": 234, "fields": {"item_name": "Decorative Undead Leather Cape", "item_type": 7}}, {"model": "Equipment.Item", "pk": 235, "fields": {"item_name": "Decorative Undead Cloth Cape", "item_type": 7}}, {"model": "Equipment.Item", "pk": 236, "fields": {"item_name": "Decorative Keeper Platemail Cape", "item_type": 7}}, {"model": "Equipment.Item", "pk": 237, "fields": {"item_name": "Decorative Keeper Leather Cape", "item_type": 7}}, {"model": "Equipment.Item", "pk": 238, "fields": {"item_name": "Decorative Keeper Cloth Cape", "item_type": 7}}, {"model": "Equipment.Item", "pk": 239, "fields": {"item_name": "Decorative Morgana Platemail Cape", "item_type": 7}}, {"model": "Equipment.Item", "pk": 240, "fields": {"item_name": "Decorative Morgana Leather Cape", "item_type": 7}}, {"model": "Equipment.Item", "pk": 241, "fields": {"item_name": "Decorative Morgana Cloth Cape", "item_type": 7}}, {"model": "Equipment.Item", "pk": 242, "fields": {"item_name": "Rogue Adventurer's Hood", "item_type": 15}}, {"model": "Equipment.Item", "pk": 243, "fields": {"item_name": "Rogue Adventurer's Armor", "item_type": 16}}, {"model": "Equipment.Item", "pk": 244, "fields": {"item_name": "Rogue Adventurer's Boots", "item_type": 17}}, {"model": "Item_Lists.Boot", "pk": 54, "fields": {"boot_name": "Rogue Adventurer's Boots"}}, {"model": "Equipment.Item", "pk": 245, "fields": {"item_name": "Rogue Adventurer's Cape", "item_type": 7}}, {"model": "Equipment.Item", "pk": 246, "fields": {"item_name": "Rogue Adventurer's Poison Bottle", "item_type": 45}}, {"model": "Equipment.Item", "pk": 247, "fields": {"item_name": "Rogue Adventurer's Guild Armor", "item_type": 16}}, {"model": "Equipment.Item", "pk": 248, "fields": {"item_name": "Rogue Adventurer's Guild Cape", "item_type": 7}}, {"model": "Equipment.Item", "pk": 249, "fields": {"item_name": "Knight Adventurer's Helmet", "item_type": 15}}, {"model": "Equipment.Item", "pk": 250, "fields": {"item_name": "Knight Adventurer's Armor", "item_type": 16}}, {"model": "Equipment.Item", "pk": 251, "fields": {"item_name": "Knight Adventurer's Boots", "item_type": 17}}, {"model": "Item_Lists.Boot", "pk": 55, "fields": {"boot_name": "Knight Adventurer's Boots"}}, {"model": "Equipment.Item", "pk": 252, "fields": {"item_name": "Knight Adventurer's Cape", "item_type": 7}}, {"model": "Equipment.Item", "pk": 253, "fields": {"item_name": "Knight Adventurer's Guild Helmet", "item_type": 15}}, {"model": "Equipment.Item", "pk": 254, "fields": {"item_name": "Knight Adventurer's Guild Armor", "item_type": 16}}, {"model": "Equipment.Item", "pk": 255, "fields": {"item_name": "Knight Adventurer's Guild Cape", "item_type": 7}}, {"model": "Equipment.Item", "pk": 256, "fields": {"item_name": "Mage Adventurer's Hat", "item_type": 15}}, {"model": "Equipment.Item", "pk": 257, "fields": {"item_name": "Mage Adventurer's Armor", "item_type": 16}}, {"model": "Equipment.Item", "pk": 258, "fields": {"item_name": "Mage Adventurer's Boots", "item_type": 17}}, {"model": "Item_Lists.Boot", "pk": 56, "fields": {"boot_name": "Mage Adventurer's Boots"}}, {"model": "Equipment.Item", "pk": 259, "fields": {"item_name": "Mage Adventurer's Cape", "item_type": 7}}, {"model": "Equipment.Item", "pk": 260, "fields": {"item_name": "Mage Adventurer's Guild Hat", "item_type": 15}}, {"model": "Equipment.Item", "pk": 261, "fields": {"item_name": "Mage Adventurer's Guild Armor", "item_type": 16}}, {"model": "Equipment.Item", "pk": 262, "fields": {"item_name": "Mage Adventurer's Guild Cape", "item_type": 7}}, {"model": "Equipment.ItemType", "pk": 46, "fields": {"item_type": "pickaxe"}}, {"model": "Equipment.Item", "pk": 263, "fields": {"item_name": "Pickaxe", "item_type": 46}}, {"model": "Equipment.Item", "pk": 264, "fields": {"item_name": "Avalonian Pickaxe", "item_type": 46}}, {"model": "Equipment.ItemType", "pk": 47, "fields": {"item_type": "stonehammer"}}, {"model": "Equipment.Item", "pk": 265, "fields": {"item_name": "Stone Hammer", "item_type": 47}}, {"model": "Equipment.Item", "pk": 266, "fields": {"item_name": "Avalonian Stone Hammer", "item_type": 47}}, {"model": "Equipment.ItemType", "pk": 48, "fields": {"item_type": "woodaxe"}}, {"model": "Equipment.Item", "pk": 267, "fields": {"item_name": "Axe", "item_type": 48}}, {"model": "Equipment.Item", "pk": 268, "fields": {"item_name": "Avalonian Axe", "item_type": 48}}, {"model": "Equipment.ItemType", "pk": 49, "fields": {"item_type": "sickle"}}, {"model": "Equipment.Item", "pk": 269, "fields": {"item_name": "Sickle", "item_type": 49}}, {"model": "Equipment.Item", "pk": 270, "fields": {"item_name": "Avalonian Sickle", "item_type": 49}}, {"model": "Equipment.ItemType", "pk": 50, "fields": {"item_type": "skinningknife"}}, {"model": "Equipment.Item", "pk": 271, "fields": {"item_name": "Skinning Knife", "item_type": 50}}, {"model": "Equipment.Item", "pk": 272, "fields": {"item_name": "Avalonian Skinning Knife", "item_type": 50}}, {"model": "Equipment.ItemType", "pk": 51, "fields": {"item_type": "demolitionhammer"}}, {"model": "Equipment.Item", "pk": 273, "fields": {"item_name": "Demolition Hammer", "item_type": 51}}, {"model": "Equipment.Item", "pk": 274, "fields": {"item_name": "Avalonian Demolition Hammer", "item_type": 51}}, {"model": "Equipment.ItemType", "pk": 52, "fields": {"item_type": "fishing"}}, {"model": "Equipment.Item", "pk": 275, "fields": {"item_name": "Fishing Rod", "item_type": 52}}, {"model": "Equipment.Item", "pk": 276, "fields": {"item_name": "Avalonian Fishing Rod", "item_type": 52}}, {"model": "Equipment.ItemType", "pk": 53, "fields": {"item_type": "bow"}}, {"model": "Equipment.Item", "pk": 277, "fields": {"item_name": "Bow", "item_type": 53}}, {"model": "Equipment.Item", "pk": 278, "fields": {"item_name": "Warbow", "item_type": 53}}, {"model": "Equipment.Item", "pk": 279, "fields": {"item_name": "Longbow", "item_type": 53}}, {"model": "Equipment.Item", "pk": 280, "fields": {"item_name": "Whispering Bow", "item_type": 53}}, {"model": "Equipment.Item", "pk": 281, "fields": {"item_name": "Wailing Bow", "item_type": 53}}, {"model": "Equipment.Item", "pk": 282, "fields": {"item_name": "Bow of Badon", "item_type": 53}}, {"model": "Equipment.Item", "pk": 283, "fields": {"item_name": "Mistpiercer", "item_type": 53}}, {"model": "Equipment.ItemType", "pk": 54, "fields": {"item_type": "crossbow"}}, {"model": "Equipment.Item", "pk": 284, "fields": {"item_name": "Crossbow", "item_type": 54}}, {"model": "Equipment.Item", "pk": 285, "fields": {"item_name": "Heavy Crossbow", "item_type": 54}}, {"model": "Equipment.Item", "pk": 286, "fields": {"item_name": "Light Crossbow", "item_type": 54}}, {"model": "Equipment.Item", "pk": 287, "fields": {"item_name": "Weeping Repeater", "item_type": 54}}, {"model": "Equipment.Item", "pk": 288, "fields": {"item_name": "Boltcasters", "item_type": 54}}, {"model": "Equipment.Item", "pk": 289, "fields": {"item_name": "Siegebow", "item_type": 54}}, {"model": "Equipment.Item", "pk": 290, "fields": {"item_name": "Energy Shaper", "item_type": 54}}, {"model": "Equipment.ItemType", "pk": 55, "fields": {"item_type": "cursestaff"}}, {"model": "Equipment.Item", "pk": 291, "fields": {"item_name": "Cursed Staff", "item_type": 55}}, {"model": "Equipment.Item", "pk": 292, "fields": {"item_name": "Great Cursed Staff", "item_type": 55}}, {"model": "Equipment.Item", "pk": 293, "fields": {"item_name": "Demonic Staff", "item_type": 55}}, {"model": "Equipment.Item", "pk": 294, "fields": {"item_name": "Lifecurse Staff", "item_type": 55}}, {"model": "Equipment.Item", "pk": 295, "fields": {"item_name": "Cursed Skull", "item_type": 55}}, {"model": "Equipment.Item", "pk": 296, "fields": {"item_name": "Damnation Staff", "item_type": 55}}, {"model": "Equipment.Item", "pk": 297, "fields": {"item_name": "Shadowcaller", "item_type": 55}}, {"model": "Equipment.ItemType", "pk": 56, "fields": {"item_type": "firestaff"}}, {"model": "Equipment.Item", "pk": 298, "fields": {"item_name": "Fire Staff", "item_type": 56}}, {"model": "Equipment.Item", "pk": 299, "fields": {"item_name": "Great Fire Staff", "item_type": 56}}, {"model": "Equipment.Item", "pk": 300, "fields": {"item_name": "Vendetta's Wrath", "item_type": 56}}, {"model": "Equipment.Item", "pk": 301, "fields": {"item_name": "Infernal Staff", "item_type": 56}}, {"model": "Equipment.Item", "pk": 302, "fields": {"item_name": "Wildfire Staff", "item_type": 56}}, {"model": "Equipment.Item", "pk": 303, "fields": {"item_name": "Brimstone Staff", "item_type": 56}}, {"model": "Equipment.Item", "pk": 304, "fields": {"item_name": "Blazing Staff", "item_type": 56}}, {"model": "Equipment.Item", "pk": 305, "fields": {"item_name": "Dawnsong", "item_type": 56}}, {"model": "Equipment.ItemType", "pk": 57, "fields": {"item_type": "froststaff"}}, {"model": "Equipment.Item", "pk": 306, "fields": {"item_name": "Frost Staff", "item_type": 57}}, {"model": "Equipment.Item", "pk": 307, "fields": {"item_name": "Great Frost Staff", "item_type": 57}}, {"model": "Equipment.Item", "pk": 308, "fields": {"item_name": "Glacial Staff", "item_type": 57}}, {"model": "Equipment.Item", "pk": 309, "fields": {"item_name": "Hoarfrost Staff", "item_type": 57}}, {"model": "Equipment.Item", "pk": 310, "fields": {"item_name": "Icicle Staff", "item_type": 57}}, {"model": "Equipment.Item", "pk": 311, "fields": {"item_name": "Permafrost Prism", "item_type": 57}}, {"model": "Equipment.Item", "pk": 312, "fields": {"item_name": "Chillhowl", "item_type": 57}}, {"model": "Equipment.ItemType", "pk": 58, "fields": {"item_type": "arcanestaff"}}, {"model": "Equipment.Item", "pk": 313, "fields": {"item_name": "Arcane Staff", "item_type": 58}}, {"model": "Equipment.Item", "pk": 314, "fields": {"item_name": "Great Arcane Staff", "item_type": 58}}, {"model": "Equipment.Item", "pk": 315, "fields": {"item_name": "Enigmatic Staff", "item_type": 58}}, {"model": "Equipment.Item", "pk": 316, "fields": {"item_name": "Witchwork Staff", "item_type": 58}}, {"model": "Equipment.Item", "pk": 317, "fields": {"item_name": "Occult Staff", "item_type": 58}}, {"model": "Equipment.Item", "pk": 318, "fields": {"item_name": "Malevolent Locus", "item_type": 58}}, {"model": "Equipment.Item", "pk": 319, "fields": {"item_name": "Evensong", "item_type": 58}}, {"model": "Equipment.ItemType", "pk": 59, "fields": {"item_type": "holystaff"}}, {"model": "Equipment.Item", "pk": 320, "fields": {"item_name": "Holy Staff", "item_type": 59}}, {"model": "Equipment.Item", "pk": 321, "fields": {"item_name": "Great Holy Staff", "item_type": 59}}, {"model": "Equipment.Item", "pk": 322, "fields": {"item_name": "Divine Staff", "item_type": 59}}, {"model": "Equipment.Item", "pk": 323, "fields": {"item_name": "Lifetouch Staff", "item_type": 59}}, {"model": "Equipment.Item", "pk": 324, "fields": {"item_name": "Fallen Staff", "item_type": 59}}, {"model": "Equipment.Item", "pk": 325, "fields": {"item_name": "Redemption Staff", "item_type": 59}}, {"model": "Equipment.Item", "pk": 326, "fields": {"item_name": "Hallowfall", "item_type": 59}}, {"model": "Equipment.ItemType", "pk": 60, "fields": {"item_type": "naturestaff"}}, {"model": "Equipment.Item", "pk": 327, "fields": {"item_name": "Nature Staff", "item_type": 60}}, {"model": "Equipment.Item", "pk": 328, "fields": {"item_name": "Great Nature Staff", "item_type": 60}}, {"model": "Equipment.Item", "pk": 329, "fields": {"item_name": "Wild Staff", "item_type": 60}}, {"model": "Equipment.Item", "pk": 330, "fields": {"item_name": "Druidic Staff", "item_type": 60}}, {"model": "Equipment.Item", "pk": 331, "fields": {"item_name": "Blight Staff", "item_type": 60}}, {"model": "Equipment.Item", "pk": 332, "fields": {"item_name": "Rampant Staff", "item_type": 60}}, {"model": "Equipment.Item", "pk": 333, "fields": {"item_name": "Ironroot Staff", "item_type": 60}}, {"model": "Equipment.ItemType", "pk": 61, "fields": {"item_type": "dagger"}}, {"model": "Equipment.Item", "pk": 334, "fields": {"item_name": "Dagger", "item_type": 61}}, {"model": "Equipment.Item", "pk": 335, "fields": {"item_name": "Dagger Pair", "item_type": 61}}, {"model": "Equipment.Item", "pk": 336, "fields": {"item_name": "Claws", "item_type": 61}}, {"model": "Equipment.Item", "pk": 337, "fields": {"item_name": "Bloodletter", "item_type": 61}}, {"model": "Equipment.Item", "pk": 338, "fields": {"item_name": "Black Hands", "item_type": 61}}, {"model": "Equipment.Item", "pk": 339, "fields": {"item_name": "Deathgivers", "item_type": 61}}, {"model": "Equipment.Item", "pk": 340, "fields": {"item_name": "Bridled Fury", "item_type": 61}}, {"model": "Equipment.ItemType", "pk": 62, "fields": {"item_type": "spear"}}, {"model": "Equipment.Item", "pk": 341, "fields": {"item_name": "Spear", "item_type": 62}}, {"model": "Equipment.Item", "pk": 342, "fields": {"item_name": "Pike", "item_type": 62}}, {"model": "Equipment.Item", "pk": 343, "fields": {"item_name": "Glaive", "item_type": 62}}, {"model": "Equipment.Item", "pk": 344, "fields": {"item_name": "Heron Spear", "item_type": 62}}, {"model": "Equipment.Item", "pk": 345, "fields": {"item_name": "Spirithunter", "item_type": 62}}, {"model": "Equipment.Item", "pk": 346, "fields": {"item_name": "Trinity Spear", "item_type": 62}}, {"model": "Equipment.Item", "pk": 347, "fields": {"item_name": "Daybreaker", "item_type": 62}}, {"model": "Equipment.ItemType", "pk": 63, "fields": {"item_type": "axe"}}, {"model": "Equipment.Item", "pk": 348, "fields": {"item_name": "Battleaxe", "item_type": 63}}, {"model": "Equipment.Item", "pk": 349, "fields": {"item_name": "Greataxe", "item_type": 63}}, {"model": "Equipment.Item", "pk": 350, "fields": {"item_name": "The Hand of Khor", "item_type": 63}}, {"model": "Equipment.Item", "pk": 351, "fields": {"item_name": "Halberd", "item_type": 63}}, {"model": "Equipment.Item", "pk": 352, "fields": {"item_name": "Carrioncaller", "item_type": 63}}, {"model": "Equipment.Item", "pk": 353, "fields": {"item_name": "Infernal Scythe", "item_type": 63}}, {"model": "Equipment.Item", "pk": 354, "fields": {"item_name": "Bear Paws", "item_type": 63}}, {"model": "Equipment.Item", "pk": 355, "fields": {"item_name": "Realmbreaker", "item_type": 63}}, {"model": "Equipment.ItemType", "pk": 64, "fields": {"item_type": "sword"}}, {"model": "Equipment.Item", "pk": 356, "fields": {"item_name": "Broadsword", "item_type": 64}}, {"model": "Equipment.Item", "pk": 357, "fields": {"item_name": "Claymore", "item_type": 64}}, {"model": "Equipment.Item", "pk": 358, "fields": {"item_name": "Dual Swords", "item_type": 64}}, {"model": "Equipment.Item", "pk": 359, "fields": {"item_name": "Clarent Blade", "item_type": 64}}, {"model": "Equipment.Item", "pk": 360, "fields": {"item_name": "Carving Sword", "item_type": 64}}, {"model": "Equipment.Item", "pk": 361, "fields": {"item_name": "Galatine Pair", "item_type": 64}}, {"model": "Equipment.Item", "pk": 362, "fields": {"item_name": "Kingmaker", "item_type": 64}}, {"model": "Equipment.ItemType", "pk": 65, "fields": {"item_type": "quarterstaff"}}, {"model": "Equipment.Item", "pk": 363, "fields": {"item_name": "Quarterstaff", "item_type": 65}}, {"model": "Equipment.Item", "pk": 364, "fields": {"item_name": "Iron-clad Staff", "item_type": 65}}, {"model": "Equipment.Item", "pk": 365, "fields": {"item_name": "Double Bladed Staff", "item_type": 65}}, {"model": "Equipment.Item", "pk": 366, "fields": {"item_name": "Black Monk Stave", "item_type": 65}}, {"model": "Equipment.Item", "pk": 367, "fields": {"item_name": "Soulscythe", "item_type": 65}}, {"model": "Equipment.Item", "pk": 368, "fields": {"item_name": "Staff of Balance", "item_type": 65}}, {"model": "Equipment.Item", "pk": 369, "fields": {"item_name": "Grailseeker", "item_type": 65}}, {"model": "Equipment.ItemType", "pk": 66, "fields": {"item_type": "hammer"}}, {"model": "Equipment.Item", "pk": 370, "fields": {"item_name": "Hammer", "item_type": 66}}, {"model": "Equipment.Item", "pk": 371, "fields": {"item_name": "Polehammer", "item_type": 66}}, {"model": "Equipment.Item", "pk": 372, "fields": {"item_name": "Great Hammer", "item_type": 66}}, {"model": "Equipment.Item", "pk": 373, "fields": {"item_name": "Tombhammer", "item_type": 66}}, {"model": "Equipment.Item", "pk": 374, "fields": {"item_name": "Forge Hammers", "item_type": 66}}, {"model": "Equipment.Item", "pk": 375, "fields": {"item_name": "Grovekeeper", "item_type": 66}}, {"model": "Equipment.Item", "pk": 376, "fields": {"item_name": "Hand of Justice", "item_type": 66}}, {"model": "Equipment.Item", "pk": 377, "fields": {"item_name": "Mace", "item_type": 45}}, {"model": "Equipment.Item", "pk": 378, "fields": {"item_name": "Heavy Mace", "item_type": 45}}, {"model": "Equipment.Item", "pk": 379, "fields": {"item_name": "Morning Star", "item_type": 45}}, {"model": "Equipment.Item", "pk": 380, "fields": {"item_name": "Bedrock Mace", "item_type": 45}}, {"model": "Equipment.Item", "pk": 381, "fields": {"item_name": "Incubus Mace", "item_type": 45}}, {"model": "Equipment.Item", "pk": 382, "fields": {"item_name": "Camlann Mace", "item_type": 45}}, {"model": "Equipment.Item", "pk": 383, "fields": {"item_name": "Oathkeepers", "item_type": 45}}, {"model": "Equipment.Item", "pk": 384, "fields": {"item_name": "Recruiter's Portal Cannon", "item_type": 54}}, {"model": "Equipment.Item", "pk": 385, "fields": {"item_name": "The Eggsecutioner", "item_type": 54}}, {"model": "Equipment.Item", "pk": 386, "fields": {"item_name": "Knight Adventurer's Warbanner", "item_type": 45}}, {"model": "Equipment.Item", "pk": 387, "fields": {"item_name": "Mage Adventurer's Spellbook", "item_type": 45}}, {"model": "Equipment.ItemType", "pk": 67, "fields": {"item_type": "rare_mount"}}, {"model": "Equipment.Item", "pk": 388, "fields": {"item_name": "Mule", "item_type": 67}}, {"model": "Item_Lists.Mount", "pk": 1, "fields": {"mount_name": "Mule"}}, {"model": "Equipment.ItemType", "pk": 68, "fields": {"item_type": "ridinghorse"}}, {"model": "Equipment.Item", "pk": 389, "fields": {"item_name": "Riding Horse", "item_type": 68}}, {"model": "Item_Lists.Mount", "pk": 2, "fields": {"mount_name": "Riding Horse"}}, {"model": "Equipment.ItemType", "pk": 69, "fields": {"item_type": "armoredhorse"}}, {"model": "Equipment.Item", "pk": 390, "fields": {"item_name": "Armored Horse", "item_type": 69}}, {"model": "Equipment.ItemType", "pk": 70, "fields": {"item_type": "ox"}}, {"model": "Equipment.Item", "pk": 391, "fields": {"item_name": "Transport Ox", "item_type": 70}}, {"model": "Item_Lists.Mount", "pk": 3, "fields": {"mount_name": "Transport Ox"}}, {"model": "Equipment.Item", "pk": 392, "fields": {"item_name": "Giant Stag", "item_type": 67}}, {"model": "Item_Lists.Mount", "pk": 4, "fields": {"mount_name": "Giant Stag"}}, {"model": "Equipment.Item", "pk": 393, "fields": {"item_name": "Direwolf", "item_type": 67}}, {"model": "Item_Lists.Mount", "pk": 5, "fields": {"mount_name": "Direwolf"}}, {"model": "Equipment.Item", "pk": 394, "fields": {"item_name": "Saddled Direboar", "item_type": 67}}, {"model": "Item_Lists.Mount", "pk": 6, "fields": {"mount_name": "Saddled Direboar"}}, {"model": "Equipment.Item", "pk": 395, "fields": {"item_name": "Saddled Swamp Dragon", "item_type": 67}}, {"model": "Item_Lists.Mount", "pk": 7, "fields": {"mount_name": "Saddled Swamp Dragon"}}, {"model": "Equipment.Item", "pk": 396, "fields": {"item_name": "Saddled Direbear", "item_type": 67}}, {"model": "Item_Lists.Mount", "pk": 8, "fields": {"mount_name": "Saddled Direbear"}}, {"model": "Equipment.Item", "pk": 397, "fields": {"item_name": "Transport Mammoth", "item_type": 67}}, {"model": "Item_Lists.Mount", "pk": 9, "fields": {"mount_name": "Transport Mammoth"}}, {"model": "Equipment.Item", "pk": 398, "fields": {"item_name": "Saddled Moabird", "item_type": 67}}, {"model": "Item_Lists.Mount", "pk": 10, "fields": {"mount_name": "Saddled Moabird"}}, {"model": "Equipment.Item", "pk": 399, "fields": {"item_name": "Saddled Winter Bear", "item_type": 67}}, {"model": "Item_Lists.Mount", "pk": 11, "fields": {"mount_name": "Saddled Winter Bear"}}, {"model": "Equipment.Item", "pk": 400, "fields": {"item_name": "Saddled Wild Boar", "item_type": 67}}, {"model": "Item_Lists.Mount", "pk": 12, "fields": {"mount_name": "Saddled Wild Boar"}}, {"model": "Equipment.Item", "pk": 401, "fields": {"item_name": "Saddled Bighorn Ram", "item_type": 67}}, {"model": "Item_Lists.Mount", "pk": 13, "fields": {"mount_name": "Saddled Bighorn Ram"}}, {"model": "Equipment.Item", "pk": 402, "fields": {"item_name": "Saddled Swamp Salamander", "item_type": 67}}, {"model": "Item_Lists.Mount", "pk": 14, "fields": {"mount_name": "Saddled Swamp Salamander"}}, {"model": "Equipment.ItemType", "pk": 71, "fields": {"item_type": "battle_mount"}}, {"model": "Equipment.Item", "pk": 403, "fields": {"item_name": "Command Mammoth", "item_type": 71}}, {"model": "Equipment.Item", "pk": 404, "fields": {"item_name": "Flame Basilisk", "item_type": 71}}, {"model": "Equipment.Item", "pk": 405, "fields": {"item_name": "Venom Basilisk", "item_type": 71}}, {"model": "Equipment.Item", "pk": 406, "fields": {"item_name": "Siege Ballista", "item_type": 71}}, {"model": "Equipment.Item", "pk": 407, "fields": {"item_name": "Spectral Bonehorse", "item_type": 67}}, {"model": "Item_Lists.Mount", "pk": 15, "fields": {"mount_name": "Spectral Bonehorse"}}, {"model": "Equipment.Item", "pk": 408, "fields": {"item_name": "Swiftclaw", "item_type": 67}}, {"model": "Item_Lists.Mount", "pk": 16, "fields": {"mount_name": "Swiftclaw"}}, {"model": "Equipment.Item", "pk": 409, "fields": {"item_name": "Rageclaw", "item_type": 67}}, {"model": "Item_Lists.Mount", "pk": 17, "fields": {"mount_name": "Rageclaw"}}, {"model": "Equipment.Item", "pk": 410, "fields": {"item_name": "Morgana Nightmare", "item_type": 67}}, {"model": "Item_Lists.Mount", "pk": 18, "fields": {"mount_name": "Morgana Nightmare"}}, {"model": "Equipment.Item", "pk": 411, "fields": {"item_name": "Yule Ram", "item_type": 67}}, {"model": "Item_Lists.Mount", "pk": 19, "fields": {"mount_name": "Yule Ram"}}, {"model": "Equipment.Item", "pk": 412, "fields": {"item_name": "Avalonian Basilisk", "item_type": 67}}, {"model": "Item_Lists.Mount", "pk": 20, "fields": {"mount_name": "Avalonian Basilisk"}}, {"model": "Equipment.Item", "pk": 413, "fields": {"item_name": "Recruiter's Ram", "item_type": 67}}, {"model": "Item_Lists.Mount", "pk": 21, "fields": {"mount_name": "Recruiter's Ram"}}, {"model": "Equipment.Item", "pk": 414, "fields": {"item_name": "Recruiter's Moabird", "item_type": 67}}, {"model": "Item_Lists.Mount", "pk": 22, "fields": {"mount_name": "Recruiter's Moabird"}}, {"model": "Equipment.Item", "pk": 415, "fields": {"item_name": "Recruiter's Saddled Bat", "item_type": 67}}, {"model": "Item_Lists.Mount", "pk": 23, "fields": {"mount_name": "Recruiter's Saddled Bat"}}, {"model": "Equipment.Item", "pk": 416, "fields": {"item_name": "Recruiter's Toad", "item_type": 67}}, {"model": "Item_Lists.Mount", "pk": 24, "fields": {"mount_name": "Recruiter's Toad"}}, {"model": "Equipment.Item", "pk": 417, "fields": {"item_name": "Recruiter's Giant Frog", "item_type": 67}}, {"model": "Item_Lists.Mount", "pk": 25, "fields": {"mount_name": "Recruiter's Giant Frog"}}, {"model": "Equipment.Item", "pk": 418, "fields": {"item_name": "Warhorse", "item_type": 69}}, {"model": "Equipment.Item", "pk": 419, "fields": {"item_name": "Spectral Bat", "item_type": 67}}, {"model": "Item_Lists.Mount", "pk": 26, "fields": {"mount_name": "Spectral Bat"}}, {"model": "Equipment.Item", "pk": 420, "fields": {"item_name": "Pest Lizard", "item_type": 67}}, {"model": "Item_Lists.Mount", "pk": 27, "fields": {"mount_name": "Pest Lizard"}}, {"model": "Equipment.Item", "pk": 421, "fields": {"item_name": "Snow Husky", "item_type": 67}}, {"model": "Item_Lists.Mount", "pk": 28, "fields": {"mount_name": "Snow Husky"}}, {"model": "Equipment.Item", "pk": 422, "fields": {"item_name": "Frost Ram", "item_type": 67}}, {"model": "Item_Lists.Mount", "pk": 29, "fields": {"mount_name": "Frost Ram"}}, {"model": "Equipment.Item", "pk": 423, "fields": {"item_name": "Saddled Terrorbird", "item_type": 67}}, {"model": "Item_Lists.Mount", "pk": 30, "fields": {"mount_name": "Saddled Terrorbird"}}, {"model": "Equipment.Item", "pk": 424, "fields": {"item_name": "Grizzly Bear", "item_type": 67}}, {"model": "Item_Lists.Mount", "pk": 31, "fields": {"mount_name": "Grizzly Bear"}}, {"model": "Equipment.Item", "pk": 425, "fields": {"item_name": "Black Panther", "item_type": 67}}, {"model": "Item_Lists.Mount", "pk": 32, "fields": {"mount_name": "Black Panther"}}, {"model": "Equipment.Item", "pk": 426, "fields": {"item_name": "Morgana Raven", "item_type": 67}}, {"model": "Item_Lists.Mount", "pk": 33, "fields": {"mount_name": "Morgana Raven"}}, {"model": "Equipment.Item", "pk": 427, "fields": {"item_name": "Giant Horse", "item_type": 67}}, {"model": "Item_Lists.Mount", "pk": 34, "fields": {"mount_name": "Giant Horse"}}, {"model": "Equipment.Item", "pk": 428, "fields": {"item_name": "Spectral Direboar", "item_type": 67}}, {"model": "Item_Lists.Mount", "pk": 35, "fields": {"mount_name": "Spectral Direboar"}}, {"model": "Equipment.Item", "pk": 429, "fields": {"item_name": "Divine Owl", "item_type": 67}}, {"model": "Item_Lists.Mount", "pk": 36, "fields": {"mount_name": "Divine Owl"}}, {"model": "Equipment.Item", "pk": 430, "fields": {"item_name": "Heretic Combat Mule", "item_type": 67}}, {"model": "Item_Lists.Mount", "pk": 37, "fields": {"mount_name": "Heretic Combat Mule"}}, {"model": "Equipment.Item", "pk": 431, "fields": {"item_name": "Crystal Battle Rhino", "item_type": 71}}, {"model": "Equipment.Item", "pk": 432, "fields": {"item_name": "Gold Battle Rhino", "item_type": 71}}, {"model": "Equipment.Item", "pk": 433, "fields": {"item_name": "Silver Battle Rhino", "item_type": 71}}, {"model": "Equipment.Item", "pk": 434, "fields": {"item_name": "Bronze Battle Rhino", "item_type": 71}}, {"model": "Equipment.Item", "pk": 435, "fields": {"item_name": "Crystal Tower Chariot", "item_type": 71}}, {"model": "Equipment.Item", "pk": 436, "fields": {"item_name": "Gold Tower Chariot", "item_type": 71}}, {"model": "Equipment.Item", "pk": 437, "fields": {"item_name": "Silver Tower Chariot", "item_type": 71}}, {"model": "Equipment.Item", "pk": 438, "fields": {"item_name": "Crystal Battle Eagle", "item_type": 71}}, {"model": "Equipment.Item", "pk": 439, "fields": {"item_name": "Gold Battle Eagle", "item_type": 71}}, {"model": "Equipment.Item", "pk": 440, "fields": {"item_name": "Silver Battle Eagle", "item_type": 71}}, {"model": "Equipment.Item", "pk": 441, "fields": {"item_name": "Silver Colossus Beetle", "item_type": 71}}, {"model": "Equipment.Item", "pk": 442, "fields": {"item_name": "Gold Colossus Beetle", "item_type": 71}}, {"model": "Equipment.Item", "pk": 443, "fields": {"item_name": "Crystal Colossus Beetle", "item_type": 71}}, {"model": "Equipment.Item", "pk": 444, "fields": {"item_name": "Silver Behemoth", "item_type": 71}}, {"model": "Equipment.Item", "pk": 445, "fields": {"item_name": "Gold Behemoth", "item_type": 71}}, {"model": "Equipment.Item", "pk": 446, "fields": {"item_name": "Crystal Behemoth", "item_type": 71}}, {"model": "Equipment.Item", "pk": 447, "fields": {"item_name": "Silver Ancient Ent", "item_type": 71}}, {"model": "Equipment.Item", "pk": 448, "fields": {"item_name": "Gold Ancient Ent", "item_type": 71}}, {"model": "Equipment.Item", "pk": 449, "fields": {"item_name": "Crystal Ancient Ent", "item_type": 71}}, {"model": "Equipment.Item", "pk": 450, "fields": {"item_name": "Silver Goliath Horseeater", "item_type": 71}}, {"model": "Equipment.Item", "pk": 451, "fields": {"item_name": "Gold Goliath Horseeater", "item_type": 71}}, {"model": "Equipment.Item", "pk": 452, "fields": {"item_name": "Crystal Goliath Horseeater", "item_type": 71}}, {"model": "Equipment.Item", "pk": 453, "fields": {"item_name": "Epic Explorer's Giant Stag", "item_type": 67}}, {"model": "Item_Lists.Mount", "pk": 38, "fields": {"mount_name": "Epic Explorer's Giant Stag"}}]